,node_a,node_b,pattern_value,cluster_label,fold
0,Cont,Cont,0.022737731976326628,0,0
1,Cont,Default,0.0017243578545663937,0,0
2,Cont,DorsAttn,0.0027153248531722575,0,0
3,Cont,Limbic,-7.678460908413538e-05,0,0
4,Cont,SalVentAttn,0.002424965954987703,0,0
5,Cont,SomMot,0.0004141473234412435,0,0
6,Cont,Vis,-0.001359575388809165,0,0
7,Default,Cont,0.0017243578923439127,0,0
8,Default,Default,0.016457793813374116,0,0
9,Default,DorsAttn,-0.00047340804604183726,0,0
10,Default,Limbic,0.0016239187736506258,0,0
11,Default,SalVentAttn,0.00048330911316751384,0,0
12,Default,SomMot,-0.00017459396567114666,0,0
13,Default,Vis,-0.00019916401133511814,0,0
14,DorsAttn,Cont,0.002715324701576348,0,0
15,DorsAttn,Default,-0.0004734080645956569,0,0
16,DorsAttn,DorsAttn,0.02317383863237317,0,0
17,DorsAttn,Limbic,-0.0007483535255804433,0,0
18,DorsAttn,SalVentAttn,0.0021651252342765152,0,0
19,DorsAttn,SomMot,0.002654587181188336,0,0
20,DorsAttn,Vis,0.0010107511713328258,0,0
21,Limbic,Cont,-7.678448188177626e-05,0,0
22,Limbic,Default,0.001623918831417185,0,0
23,Limbic,DorsAttn,-0.0007483536141771161,0,0
24,Limbic,Limbic,0.03963359401229048,0,0
25,Limbic,SalVentAttn,-0.0009483024889452106,0,0
26,Limbic,SomMot,-0.0032719977596116848,0,0
27,Limbic,Vis,-0.0009375719578575647,0,0
28,SalVentAttn,Cont,0.0024249659855328596,0,0
29,SalVentAttn,Default,0.0004833091711167568,0,0
30,SalVentAttn,DorsAttn,0.0021651251460307174,0,0
31,SalVentAttn,Limbic,-0.0009483025887019077,0,0
32,SalVentAttn,SalVentAttn,0.02851540838283538,0,0
33,SalVentAttn,SomMot,0.004613588547399042,0,0
34,SalVentAttn,Vis,-0.0006561137125378534,0,0
35,SomMot,Cont,0.00041414726500819645,0,0
36,SomMot,Default,-0.00017459398775146622,0,0
37,SomMot,DorsAttn,0.002654587113347086,0,0
38,SomMot,Limbic,-0.0032719975458238306,0,0
39,SomMot,SalVentAttn,0.00461358848888449,0,0
40,SomMot,SomMot,0.025740774047219354,0,0
41,SomMot,Vis,0.0009515792421013108,0,0
42,Vis,Cont,-0.0013595754873104984,0,0
43,Vis,Default,-0.0001991639804302986,0,0
44,Vis,DorsAttn,0.0010107511175229192,0,0
45,Vis,Limbic,-0.0009375720526051889,0,0
46,Vis,SalVentAttn,-0.0006561136790235216,0,0
47,Vis,SomMot,0.0009515791468402871,0,0
48,Vis,Vis,0.02687139620019784,0,0
0,Cont,Cont,0.01940450418688543,1,0
1,Cont,Default,0.0008220727258373467,1,0
2,Cont,DorsAttn,0.0012461430896428506,1,0
3,Cont,Limbic,-0.00028106981418617795,1,0
4,Cont,SalVentAttn,0.0013616937535997132,1,0
5,Cont,SomMot,0.00039567354720223863,1,0
6,Cont,Vis,-0.0010106450911247405,1,0
7,Default,Cont,0.0008220727182751132,1,0
8,Default,Default,0.012898872407141326,1,0
9,Default,DorsAttn,-0.00039031620154946243,1,0
10,Default,Limbic,0.00038719356636536057,1,0
11,Default,SalVentAttn,8.873437521733293e-05,1,0
12,Default,SomMot,0.000133061397235849,1,0
13,Default,Vis,-0.0004729280570957037,1,0
14,DorsAttn,Cont,0.001246143030527549,1,0
15,DorsAttn,Default,-0.000390316201832553,1,0
16,DorsAttn,DorsAttn,0.019164774012190595,1,0
17,DorsAttn,Limbic,-0.0016374686926033716,1,0
18,DorsAttn,SalVentAttn,0.0012715861144581174,1,0
19,DorsAttn,SomMot,0.0017764201573095694,1,0
20,DorsAttn,Vis,0.00031208255908054313,1,0
21,Limbic,Cont,-0.00028106981285900466,1,0
22,Limbic,Default,0.00038719356909902754,1,0
23,Limbic,DorsAttn,-0.0016374687664777792,1,0
24,Limbic,Limbic,0.040262068566065144,1,0
25,Limbic,SalVentAttn,-0.0006006163548494354,1,0
26,Limbic,SomMot,-0.0019588848991317917,1,0
27,Limbic,Vis,-0.0006309763044168072,1,0
28,SalVentAttn,Cont,0.0013616937438901586,1,0
29,SalVentAttn,Default,8.873441777834859e-05,1,0
30,SalVentAttn,DorsAttn,0.0012715860737140215,1,0
31,SalVentAttn,Limbic,-0.0006006164403260698,1,0
32,SalVentAttn,SalVentAttn,0.022572183300683796,1,0
33,SalVentAttn,SomMot,0.0028986963032045254,1,0
34,SalVentAttn,Vis,-0.0003043941765152579,1,0
35,SomMot,Cont,0.0003956734910934224,1,0
36,SomMot,Default,0.00013306135869586237,1,0
37,SomMot,DorsAttn,0.0017764201024321107,1,0
38,SomMot,Limbic,-0.001958884677908433,1,0
39,SomMot,SalVentAttn,0.0028986962574924367,1,0
40,SomMot,SomMot,0.0167760631516474,1,0
41,SomMot,Vis,0.00011212400231094405,1,0
42,Vis,Cont,-0.0010106451395385633,1,0
43,Vis,Default,-0.00047292799735774315,1,0
44,Vis,DorsAttn,0.0003120825901202508,1,0
45,Vis,Limbic,-0.0006309763772495489,1,0
46,Vis,SalVentAttn,-0.0003043941851364101,1,0
47,Vis,SomMot,0.00011212392911222362,1,0
48,Vis,Vis,0.018983203193077995,1,0
0,Cont,Cont,0.019393887844492964,2,0
1,Cont,Default,0.001433710050084658,2,0
2,Cont,DorsAttn,0.0016131859918660663,2,0
3,Cont,Limbic,-0.00018728005304511757,2,0
4,Cont,SalVentAttn,0.0015048603892803647,2,0
5,Cont,SomMot,6.169323526092276e-05,2,0
6,Cont,Vis,-0.0010156043195423592,2,0
7,Default,Cont,0.0014337100444552265,2,0
8,Default,Default,0.012816090710449911,2,0
9,Default,DorsAttn,-1.179782623099173e-05,2,0
10,Default,Limbic,0.0004052645474996201,2,0
11,Default,SalVentAttn,0.00044466509670986653,2,0
12,Default,SomMot,-0.0002185630372735986,2,0
13,Default,Vis,-0.00025280032249586716,2,0
14,DorsAttn,Cont,0.0016131859279769694,2,0
15,DorsAttn,Default,-1.1797896552928327e-05,2,0
16,DorsAttn,DorsAttn,0.020468321197281158,2,0
17,DorsAttn,Limbic,-0.0007309167648882339,2,0
18,DorsAttn,SalVentAttn,0.0018382665516054803,2,0
19,DorsAttn,SomMot,0.0013915155750043016,2,0
20,DorsAttn,Vis,0.0009510579288892132,2,0
21,Limbic,Cont,-0.00018728001945891414,2,0
22,Limbic,Default,0.00040526460112710893,2,0
23,Limbic,DorsAttn,-0.0007309166755962163,2,0
24,Limbic,Limbic,0.03632733976697471,2,0
25,Limbic,SalVentAttn,-0.0007687455212936078,2,0
26,Limbic,SomMot,-0.0010502467251074167,2,0
27,Limbic,Vis,-0.0005608737368574757,2,0
28,SalVentAttn,Cont,0.0015048603514417848,2,0
29,SalVentAttn,Default,0.00044466511559496184,2,0
30,SalVentAttn,DorsAttn,0.0018382664690700535,2,0
31,SalVentAttn,Limbic,-0.0007687455392743224,2,0
32,SalVentAttn,SalVentAttn,0.024402257172073116,2,0
33,SalVentAttn,SomMot,0.0025184909016358467,2,0
34,SalVentAttn,Vis,-0.00048200931426743135,2,0
35,SomMot,Cont,6.169322115759212e-05,2,0
36,SomMot,Default,-0.00021856300301972993,2,0
37,SomMot,DorsAttn,0.0013915154907412257,2,0
38,SomMot,Limbic,-0.001050246655202998,2,0
39,SomMot,SalVentAttn,0.0025184907961518263,2,0
40,SomMot,SomMot,0.01816895455441465,2,0
41,SomMot,Vis,0.0003454857447379661,2,0
42,Vis,Cont,-0.0010156042883967165,2,0
43,Vis,Default,-0.00025280029508748886,2,0
44,Vis,DorsAttn,0.0009510579690451346,2,0
45,Vis,Limbic,-0.0005608737726874987,2,0
46,Vis,SalVentAttn,-0.00048200931799322186,2,0
47,Vis,SomMot,0.0003454856954758258,2,0
48,Vis,Vis,0.02145894006233885,2,0
0,Cont,Cont,0.022738821187846918,0,1
1,Cont,Default,0.00169204750159487,0,1
2,Cont,DorsAttn,0.002736500769428634,0,1
3,Cont,Limbic,-0.00016970874569230448,0,1
4,Cont,SalVentAttn,0.0024515678346666223,0,1
5,Cont,SomMot,0.00044497215620129004,0,1
6,Cont,Vis,-0.0013915004270956912,0,1
7,Default,Cont,0.0016920475395846963,0,1
8,Default,Default,0.016373078484612197,0,1
9,Default,DorsAttn,-0.00048363523498317127,0,1
10,Default,Limbic,0.0015445656700141912,0,1
11,Default,SalVentAttn,0.0005066324664171138,0,1
12,Default,SomMot,-0.00016265124829479657,0,1
13,Default,Vis,-0.00019921741607252863,0,1
14,DorsAttn,Cont,0.002736500616858087,0,1
15,DorsAttn,Default,-0.0004836352510474584,0,1
16,DorsAttn,DorsAttn,0.02322976897730247,0,1
17,DorsAttn,Limbic,-0.0007909333999082493,0,1
18,DorsAttn,SalVentAttn,0.0021819199231342323,0,1
19,DorsAttn,SomMot,0.0026744405314737393,0,1
20,DorsAttn,Vis,0.0009419869553196324,0,1
21,Limbic,Cont,-0.00016970862049632928,0,1
22,Limbic,Default,0.0015445657280744808,0,1
23,Limbic,DorsAttn,-0.0007909334883207111,0,1
24,Limbic,Limbic,0.03999481089362743,0,1
25,Limbic,SalVentAttn,-0.0010453862469898393,0,1
26,Limbic,SomMot,-0.003518607521880874,0,1
27,Limbic,Vis,-0.0009621332353272304,0,1
28,SalVentAttn,Cont,0.002451567866679996,0,1
29,SalVentAttn,Default,0.0005066325252811293,0,1
30,SalVentAttn,DorsAttn,0.002181919834166255,0,1
31,SalVentAttn,Limbic,-0.001045386348798357,0,1
32,SalVentAttn,SalVentAttn,0.02848196014651835,0,1
33,SalVentAttn,SomMot,0.004629997490240741,0,1
34,SalVentAttn,Vis,-0.0006598694705067377,0,1
35,SomMot,Cont,0.00044497209678100164,0,1
36,SomMot,Default,-0.0001626512685624335,0,1
37,SomMot,DorsAttn,0.002674440462696836,0,1
38,SomMot,Limbic,-0.0035186073054269346,0,1
39,SomMot,SalVentAttn,0.004629997430891693,0,1
40,SomMot,SomMot,0.02584807971676466,0,1
41,SomMot,Vis,0.000878028026129658,0,1
42,Vis,Cont,-0.0013915005236037042,0,1
43,Vis,Default,-0.00019921738647236026,0,1
44,Vis,DorsAttn,0.0009419869027200623,0,1
45,Vis,Limbic,-0.0009621333288847463,0,1
46,Vis,SalVentAttn,-0.0006598694369265974,0,1
47,Vis,SomMot,0.0008780279313232147,0,1
48,Vis,Vis,0.026874521797145473,0,1
0,Cont,Cont,0.01940484206196052,1,1
1,Cont,Default,0.0008451037629019254,1,1
2,Cont,DorsAttn,0.0012527113531975366,1,1
3,Cont,Limbic,-0.000234884394492697,1,1
4,Cont,SalVentAttn,0.0013612083576453795,1,1
5,Cont,SomMot,0.00038389510256345,1,1
6,Cont,Vis,-0.0010119886567191724,1,1
7,Default,Cont,0.0008451037553184346,1,1
8,Default,Default,0.012937814986568463,1,1
9,Default,DorsAttn,-0.0003828475962559385,1,1
10,Default,Limbic,0.00045706807153539906,1,1
11,Default,SalVentAttn,7.774593461171266e-05,1,1
12,Default,SomMot,0.00012658873492049953,1,1
13,Default,Vis,-0.00047009900576605075,1,1
14,DorsAttn,Cont,0.0012527112937932674,1,1
15,DorsAttn,Default,-0.0003828475970114768,1,1
16,DorsAttn,DorsAttn,0.019138874423592935,1,1
17,DorsAttn,Limbic,-0.0015540917351348049,1,1
18,DorsAttn,SalVentAttn,0.0012670309536802528,1,1
19,DorsAttn,SomMot,0.0017566770520000558,1,1
20,DorsAttn,Vis,0.0003451076384903575,1,1
21,Limbic,Cont,-0.000234884392955887,1,1
22,Limbic,Default,0.00045706807555259536,1,1
23,Limbic,DorsAttn,-0.0015540918082846678,1,1
24,Limbic,Limbic,0.040015716190061,1,1
25,Limbic,SalVentAttn,-0.0005409670166104155,1,1
26,Limbic,SomMot,-0.001832148060917258,1,1
27,Limbic,Vis,-0.0005982163766753599,1,1
28,SalVentAttn,Cont,0.0013612083480466618,1,1
29,SalVentAttn,Default,7.77459783892011e-05,1,1
30,SalVentAttn,DorsAttn,0.0012670309135204376,1,1
31,SalVentAttn,Limbic,-0.0005409671011255599,1,1
32,SalVentAttn,SalVentAttn,0.022567201493435572,1,1
33,SalVentAttn,SomMot,0.0028727962732730417,1,1
34,SalVentAttn,Vis,-0.00029702416544247814,1,1
35,SomMot,Cont,0.0003838950460777572,1,1
36,SomMot,Default,0.00012658869660894757,1,1
37,SomMot,DorsAttn,0.0017566769977373118,1,1
38,SomMot,Limbic,-0.0018321478411184504,1,1
39,SomMot,SalVentAttn,0.0028727962278593715,1,1
40,SomMot,SomMot,0.016738166681113727,1,1
41,SomMot,Vis,0.00014329445479571536,1,1
42,Vis,Cont,-0.0010119887061936419,1,1
43,Vis,Default,-0.00047009894576845906,1,1
44,Vis,DorsAttn,0.00034510766846973723,1,1
45,Vis,Limbic,-0.0005982164498974675,1,1
46,Vis,SalVentAttn,-0.0002970241743066131,1,1
47,Vis,SomMot,0.0001432943809350322,1,1
48,Vis,Vis,0.01903289765798925,1,1
0,Cont,Cont,0.01939633039340483,2,1
1,Cont,Default,0.001425358473508578,2,1
2,Cont,DorsAttn,0.0016120814959479483,2,1
3,Cont,Limbic,-0.00018005492477904896,2,1
4,Cont,SalVentAttn,0.0015030091834731427,2,1
5,Cont,SomMot,5.69706802238097e-05,2,1
6,Cont,Vis,-0.001013437309014052,2,1
7,Default,Cont,0.0014253584677371702,2,1
8,Default,Default,0.012818280517658757,2,1
9,Default,DorsAttn,-1.2523737768332746e-05,2,1
10,Default,Limbic,0.0004030446131641242,2,1
11,Default,SalVentAttn,0.00044386021524146676,2,1
12,Default,SomMot,-0.0002255797724671835,2,1
13,Default,Vis,-0.0002546429128891873,2,1
14,DorsAttn,Cont,0.001612081431843175,2,1
15,DorsAttn,Default,-1.2523808201278703e-05,2,1
16,DorsAttn,DorsAttn,0.020463430678691927,2,1
17,DorsAttn,Limbic,-0.0007324408979100705,2,1
18,DorsAttn,SalVentAttn,0.0018353527732334752,2,1
19,DorsAttn,SomMot,0.0013906946751289357,2,1
20,DorsAttn,Vis,0.0009512336890822808,2,1
21,Limbic,Cont,-0.00018005489097626875,2,1
22,Limbic,Default,0.00040304466704233106,2,1
23,Limbic,DorsAttn,-0.0007324408086432185,2,1
24,Limbic,Limbic,0.03633391316316116,2,1
25,Limbic,SalVentAttn,-0.0007563743430754917,2,1
26,Limbic,SomMot,-0.0010452268458895043,2,1
27,Limbic,Vis,-0.0005640607571308451,2,1
28,SalVentAttn,Cont,0.0015030091462626572,2,1
29,SalVentAttn,Default,0.00044386023397922794,2,1
30,SalVentAttn,DorsAttn,0.001835352690019157,2,1
31,SalVentAttn,Limbic,-0.0007563743610127413,2,1
32,SalVentAttn,SalVentAttn,0.024411818723237833,2,1
33,SalVentAttn,SomMot,0.0025170930212542963,2,1
34,SalVentAttn,Vis,-0.00048744160919278554,2,1
35,SomMot,Cont,5.6970666042270515e-05,2,1
36,SomMot,Default,-0.00022557973827708316,2,1
37,SomMot,DorsAttn,0.001390694590835025,2,1
38,SomMot,Limbic,-0.0010452267757622038,2,1
39,SomMot,SalVentAttn,0.002517092916279164,2,1
40,SomMot,SomMot,0.01817679846118412,2,1
41,SomMot,Vis,0.000349944868265313,2,1
42,Vis,Cont,-0.0010134372772618615,2,1
43,Vis,Default,-0.000254642885454627,2,1
44,Vis,DorsAttn,0.0009512337292579341,2,1
45,Vis,Limbic,-0.0005640607937820807,2,1
46,Vis,SalVentAttn,-0.00048744161327332825,2,1
47,Vis,SomMot,0.00034994481944003317,2,1
48,Vis,Vis,0.021450055624021733,2,1
0,Cont,Cont,0.022800921990146873,0,2
1,Cont,Default,0.001681195906344186,0,2
2,Cont,DorsAttn,0.002749200430522556,0,2
3,Cont,Limbic,-0.00016367001872314116,0,2
4,Cont,SalVentAttn,0.0024542567928390433,0,2
5,Cont,SomMot,0.00042815700816103335,0,2
6,Cont,Vis,-0.0013846636948083091,0,2
7,Default,Cont,0.00168119594402775,0,2
8,Default,Default,0.01643653460683648,0,2
9,Default,DorsAttn,-0.0004901103966713052,0,2
10,Default,Limbic,0.0015668281277113824,0,2
11,Default,SalVentAttn,0.0004827951241490501,0,2
12,Default,SomMot,-0.00017186439035032173,0,2
13,Default,Vis,-0.00022311629507904424,0,2
14,DorsAttn,Cont,0.002749200278379993,0,2
15,DorsAttn,Default,-0.0004901104140670936,0,2
16,DorsAttn,DorsAttn,0.023219403789035,0,2
17,DorsAttn,Limbic,-0.0008018079706842293,0,2
18,DorsAttn,SalVentAttn,0.002172555235400722,0,2
19,DorsAttn,SomMot,0.0026548442805778326,0,2
20,DorsAttn,Vis,0.0009446492915987527,0,2
21,Limbic,Cont,-0.00016366989350816854,0,2
22,Limbic,Default,0.0015668281847114444,0,2
23,Limbic,DorsAttn,-0.0008018080589183474,0,2
24,Limbic,Limbic,0.03998936136834847,0,2
25,Limbic,SalVentAttn,-0.0010402949784879582,0,2
26,Limbic,SomMot,-0.0034388089120005673,0,2
27,Limbic,Vis,-0.0010128201628983038,0,2
28,SalVentAttn,Cont,0.002454256825109085,0,2
29,SalVentAttn,Default,0.00048279518328016145,0,2
30,SalVentAttn,DorsAttn,0.002172555146515698,0,2
31,SalVentAttn,Limbic,-0.0010402950791525596,0,2
32,SalVentAttn,SalVentAttn,0.028580010339346745,0,2
33,SalVentAttn,SomMot,0.004641831237229377,0,2
34,SalVentAttn,Vis,-0.0006758682151803833,0,2
35,SomMot,Cont,0.0004281569494523498,0,2
36,SomMot,Default,-0.00017186441080265522,0,2
37,SomMot,DorsAttn,0.002654844211771404,0,2
38,SomMot,Limbic,-0.00343880869597137,0,2
39,SomMot,SalVentAttn,0.004641831178111761,0,2
40,SomMot,SomMot,0.025886317872031484,0,2
41,SomMot,Vis,0.0008694956868663656,0,2
42,Vis,Cont,-0.0013846637910737273,0,2
43,Vis,Default,-0.00022311626464132427,0,2
44,Vis,DorsAttn,0.0009446492394658988,0,2
45,Vis,Limbic,-0.001012820257555635,0,2
46,Vis,SalVentAttn,-0.0006758681815846704,0,2
47,Vis,SomMot,0.0008694955912120297,0,2
48,Vis,Vis,0.026895491898369064,0,2
0,Cont,Cont,0.01945931882671217,1,2
1,Cont,Default,0.0008409478254581244,1,2
2,Cont,DorsAttn,0.001255784331531388,1,2
3,Cont,Limbic,-0.00025798350135373217,1,2
4,Cont,SalVentAttn,0.0013616130202922926,1,2
5,Cont,SomMot,0.00038846602264001336,1,2
6,Cont,Vis,-0.001024289257559795,1,2
7,Default,Cont,0.000840947818249558,1,2
8,Default,Default,0.01294156839264443,1,2
9,Default,DorsAttn,-0.00039475611055566154,1,2
10,Default,Limbic,0.00043483623184592513,1,2
11,Default,SalVentAttn,7.86910959574003e-05,1,2
12,Default,SomMot,0.00012638964121885926,1,2
13,Default,Vis,-0.0004737886195094695,1,2
14,DorsAttn,Cont,0.0012557842720533343,1,2
15,DorsAttn,Default,-0.00039475611072486223,1,2
16,DorsAttn,DorsAttn,0.019180603551364986,1,2
17,DorsAttn,Limbic,-0.0016051368050219344,1,2
18,DorsAttn,SalVentAttn,0.0012772619977133072,1,2
19,DorsAttn,SomMot,0.00177216751925038,1,2
20,DorsAttn,Vis,0.0003183910638977105,1,2
21,Limbic,Cont,-0.0002579834995284696,1,2
22,Limbic,Default,0.00043483623518354416,1,2
23,Limbic,DorsAttn,-0.001605136878985437,1,2
24,Limbic,Limbic,0.04005902383607686,1,2
25,Limbic,SalVentAttn,-0.0005708714608087969,1,2
26,Limbic,SomMot,-0.001899106991233483,1,2
27,Limbic,Vis,-0.0005971190195630125,1,2
28,SalVentAttn,Cont,0.0013616130105572114,1,2
29,SalVentAttn,Default,7.869113965322927e-05,1,2
30,SalVentAttn,DorsAttn,0.0012772619572698305,1,2
31,SalVentAttn,Limbic,-0.0005708715444046977,1,2
32,SalVentAttn,SalVentAttn,0.022585426218728343,1,2
33,SalVentAttn,SomMot,0.002889906840603528,1,2
34,SalVentAttn,Vis,-0.00029466232140840527,1,2
35,SomMot,Cont,0.0003884659663782128,1,2
36,SomMot,Default,0.00012638960271604482,1,2
37,SomMot,DorsAttn,0.0017721674644484496,1,2
38,SomMot,Limbic,-0.0018991067700369433,1,2
39,SomMot,SalVentAttn,0.0028899067956641806,1,2
40,SomMot,SomMot,0.016766239523297012,1,2
41,SomMot,Vis,0.00013505939315394084,1,2
42,Vis,Cont,-0.001024289306676183,1,2
43,Vis,Default,-0.0004737885594230985,1,2
44,Vis,DorsAttn,0.0003183910943671196,1,2
45,Vis,Limbic,-0.0005971190928308713,1,2
46,Vis,SalVentAttn,-0.0002946623303268324,1,2
47,Vis,SomMot,0.0001350593197436325,1,2
48,Vis,Vis,0.019007776438098294,1,2
0,Cont,Cont,0.01941644117357824,2,2
1,Cont,Default,0.0014412533163454427,2,2
2,Cont,DorsAttn,0.0016031343264919552,2,2
3,Cont,Limbic,-0.0001758970399995138,2,2
4,Cont,SalVentAttn,0.001510789346622141,2,2
5,Cont,SomMot,5.140707961043171e-05,2,2
6,Cont,Vis,-0.0010269302247374044,2,2
7,Default,Cont,0.001441253311012485,2,2
8,Default,Default,0.012848465175246085,2,2
9,Default,DorsAttn,-1.8307026302983594e-05,2,2
10,Default,Limbic,0.0004169892725048432,2,2
11,Default,SalVentAttn,0.0004514329323679859,2,2
12,Default,SomMot,-0.00022265116905583775,2,2
13,Default,Vis,-0.0002599516911005652,2,2
14,DorsAttn,Cont,0.0016031342621536972,2,2
15,DorsAttn,Default,-1.830709648826971e-05,2,2
16,DorsAttn,DorsAttn,0.020485540974945447,2,2
17,DorsAttn,Limbic,-0.000723689744180293,2,2
18,DorsAttn,SalVentAttn,0.0018340159551743576,2,2
19,DorsAttn,SomMot,0.001391577261479101,2,2
20,DorsAttn,Vis,0.000977102115295106,2,2
21,Limbic,Cont,-0.00017589700592160102,2,2
22,Limbic,Default,0.00041698932689582176,2,2
23,Limbic,DorsAttn,-0.0007236896547877272,2,2
24,Limbic,Limbic,0.036304718664983214,2,2
25,Limbic,SalVentAttn,-0.0007511775238878879,2,2
26,Limbic,SomMot,-0.0010403598268450408,2,2
27,Limbic,Vis,-0.000569826886047386,2,2
28,SalVentAttn,Cont,0.0015107893087896492,2,2
29,SalVentAttn,Default,0.000451432951044596,2,2
30,SalVentAttn,DorsAttn,0.0018340158728152494,2,2
31,SalVentAttn,Limbic,-0.0007511775414617796,2,2
32,SalVentAttn,SalVentAttn,0.024457922487476476,2,2
33,SalVentAttn,SomMot,0.0025403707033473982,2,2
34,SalVentAttn,Vis,-0.0004831232574553087,2,2
35,SomMot,Cont,5.140706544642942e-05,2,2
36,SomMot,Default,-0.0002226511348509013,2,2
37,SomMot,DorsAttn,0.0013915771768738742,2,2
38,SomMot,Limbic,-0.001040359757001941,2,2
39,SomMot,SalVentAttn,0.0025403705973370484,2,2
40,SomMot,SomMot,0.018231548200071595,2,2
41,SomMot,Vis,0.00038103927970662213,2,2
42,Vis,Cont,-0.0010269301942269881,2,2
43,Vis,Default,-0.00025995166399846447,2,2
44,Vis,DorsAttn,0.0009771021555504984,2,2
45,Vis,Limbic,-0.000569826922523466,2,2
46,Vis,SalVentAttn,-0.0004831232616913321,2,2
47,Vis,SomMot,0.00038103923028297185,2,2
48,Vis,Vis,0.021514420850854612,2,2
0,Cont,Cont,0.022813651356949502,0,3
1,Cont,Default,0.0017141434760535065,0,3
2,Cont,DorsAttn,0.0027284624044172155,0,3
3,Cont,Limbic,-0.00013272888671683197,0,3
4,Cont,SalVentAttn,0.0024654160826659026,0,3
5,Cont,SomMot,0.00041932341141685033,0,3
6,Cont,Vis,-0.001405942298517283,0,3
7,Default,Cont,0.0017141435139893131,0,3
8,Default,Default,0.01646737285572528,0,3
9,Default,DorsAttn,-0.00047827506979222334,0,3
10,Default,Limbic,0.0015762085281289236,0,3
11,Default,SalVentAttn,0.000491009668468042,0,3
12,Default,SomMot,-0.00017347950566696846,0,3
13,Default,Vis,-0.00021204557810076564,0,3
14,DorsAttn,Cont,0.0027284622510983345,0,3
15,DorsAttn,Default,-0.00047827508787015815,0,3
16,DorsAttn,DorsAttn,0.023221804790151394,0,3
17,DorsAttn,Limbic,-0.0007709097259403193,0,3
18,DorsAttn,SalVentAttn,0.0021779719027755604,0,3
19,DorsAttn,SomMot,0.002666929182396755,0,3
20,DorsAttn,Vis,0.0009961925646150042,0,3
21,Limbic,Cont,-0.00013272876049353358,0,3
22,Limbic,Default,0.0015762085860432427,0,3
23,Limbic,DorsAttn,-0.0007709098147144632,0,3
24,Limbic,Limbic,0.03988254987116071,0,3
25,Limbic,SalVentAttn,-0.0010080122116057292,0,3
26,Limbic,SomMot,-0.0034039962597751587,0,3
27,Limbic,Vis,-0.001002355823473803,0,3
28,SalVentAttn,Cont,0.0024654161142483033,0,3
29,SalVentAttn,Default,0.0004910097271654747,0,3
30,SalVentAttn,DorsAttn,0.002177971815352389,0,3
31,SalVentAttn,Limbic,-0.0010080123120110775,0,3
32,SalVentAttn,SalVentAttn,0.02864020178521742,0,3
33,SalVentAttn,SomMot,0.004673892097709743,0,3
34,SalVentAttn,Vis,-0.0006790607992641501,0,3
35,SomMot,Cont,0.0004193233513329544,0,3
36,SomMot,Default,-0.00017347952680109017,0,3
37,SomMot,DorsAttn,0.00266692911409694,0,3
38,SomMot,Limbic,-0.0034039960454419287,0,3
39,SomMot,SalVentAttn,0.004673892038487938,0,3
40,SomMot,SomMot,0.025984952864479056,0,3
41,SomMot,Vis,0.0009622897332743389,0,3
42,Vis,Cont,-0.0014059423968683618,0,3
43,Vis,Default,-0.00021204554808368917,0,3
44,Vis,DorsAttn,0.000996192511746536,0,3
45,Vis,Limbic,-0.001002355917465946,0,3
46,Vis,SalVentAttn,-0.0006790607660075564,0,3
47,Vis,SomMot,0.000962289636628881,0,3
48,Vis,Vis,0.02706852250882472,0,3
0,Cont,Cont,0.019441762057368278,1,3
1,Cont,Default,0.0008483602019254096,1,3
2,Cont,DorsAttn,0.0012659254444183708,1,3
3,Cont,Limbic,-0.00025465586065470783,1,3
4,Cont,SalVentAttn,0.0013738692586171032,1,3
5,Cont,SomMot,0.00040084483206857726,1,3
6,Cont,Vis,-0.00101113874698894,1,3
7,Default,Cont,0.0008483601945350842,1,3
8,Default,Default,0.012935660199824553,1,3
9,Default,DorsAttn,-0.00038159142857881835,1,3
10,Default,Limbic,0.0004359019877738529,1,3
11,Default,SalVentAttn,9.199095491341877e-05,1,3
12,Default,SomMot,0.0001328717434205438,1,3
13,Default,Vis,-0.00046850207059397086,1,3
14,DorsAttn,Cont,0.0012659253851530542,1,3
15,DorsAttn,Default,-0.00038159142868509613,1,3
16,DorsAttn,DorsAttn,0.019217364099150855,1,3
17,DorsAttn,Limbic,-0.0015954528538016637,1,3
18,DorsAttn,SalVentAttn,0.0012740360464900922,1,3
19,DorsAttn,SomMot,0.001781731347158181,1,3
20,DorsAttn,Vis,0.0003303132109390065,1,3
21,Limbic,Cont,-0.000254655858893239,1,3
22,Limbic,Default,0.0004359019915225894,1,3
23,Limbic,DorsAttn,-0.0015954529272116827,1,3
24,Limbic,Limbic,0.040097778152047486,1,3
25,Limbic,SalVentAttn,-0.0005603126882784153,1,3
26,Limbic,SomMot,-0.0018727558411562833,1,3
27,Limbic,Vis,-0.0005879376561380152,1,3
28,SalVentAttn,Cont,0.0013738692489322973,1,3
29,SalVentAttn,Default,9.199099833794933e-05,1,3
30,SalVentAttn,DorsAttn,0.001274036005550138,1,3
31,SalVentAttn,Limbic,-0.0005603127733229749,1,3
32,SalVentAttn,SalVentAttn,0.022600583280793632,1,3
33,SalVentAttn,SomMot,0.0028985179830448298,1,3
34,SalVentAttn,Vis,-0.0003001549613205481,1,3
35,SomMot,Cont,0.0004008447757669237,1,3
36,SomMot,Default,0.00013287170562336403,1,3
37,SomMot,DorsAttn,0.0017817312926062382,1,3
38,SomMot,Limbic,-0.0018727556196488362,1,3
39,SomMot,SalVentAttn,0.0028985179372705196,1,3
40,SomMot,SomMot,0.016791948463173827,1,3
41,SomMot,Vis,0.00013086195786614794,1,3
42,Vis,Cont,-0.0010111387964011143,1,3
43,Vis,Default,-0.00046850201076545497,1,3
44,Vis,DorsAttn,0.00033031324164693027,1,3
45,Vis,Limbic,-0.0005879377288499632,1,3
46,Vis,SalVentAttn,-0.00030015497020175976,1,3
47,Vis,SomMot,0.00013086188427034558,1,3
48,Vis,Vis,0.01899844520238099,1,3
0,Cont,Cont,0.019385284370810624,2,3
1,Cont,Default,0.0014367102105651275,2,3
2,Cont,DorsAttn,0.0016065781424545824,2,3
3,Cont,Limbic,-0.00016652497086154172,2,3
4,Cont,SalVentAttn,0.0014975515617924164,2,3
5,Cont,SomMot,5.283616558769442e-05,2,3
6,Cont,Vis,-0.0010174426002113072,2,3
7,Default,Cont,0.0014367102048389235,2,3
8,Default,Default,0.012828983135516567,2,3
9,Default,DorsAttn,-1.8651934223926397e-05,2,3
10,Default,Limbic,0.0004205728101329599,2,3
11,Default,SalVentAttn,0.000447788109909054,2,3
12,Default,SomMot,-0.00022129384086710518,2,3
13,Default,Vis,-0.00026018568906493127,2,3
14,DorsAttn,Cont,0.001606578078893356,2,3
15,DorsAttn,Default,-1.865200467228623e-05,2,3
16,DorsAttn,DorsAttn,0.02046225547268199,2,3
17,DorsAttn,Limbic,-0.0007172836973841696,2,3
18,DorsAttn,SalVentAttn,0.0018227846365400755,2,3
19,DorsAttn,SomMot,0.0013754578351641014,2,3
20,DorsAttn,Vis,0.0009727402354241842,2,3
21,Limbic,Cont,-0.00016652493701022202,2,3
22,Limbic,Default,0.00042057286369961,2,3
23,Limbic,DorsAttn,-0.0007172836080858358,2,3
24,Limbic,Limbic,0.03627755241263288,2,3
25,Limbic,SalVentAttn,-0.0007394232640457474,2,3
26,Limbic,SomMot,-0.0010278470612801861,2,3
27,Limbic,Vis,-0.0005791390792483519,2,3
28,SalVentAttn,Cont,0.0014975515245075149,2,3
29,SalVentAttn,Default,0.000447788128483421,2,3
30,SalVentAttn,DorsAttn,0.0018227845538070942,2,3
31,SalVentAttn,Limbic,-0.0007394232815207545,2,3
32,SalVentAttn,SalVentAttn,0.02440786769969473,2,3
33,SalVentAttn,SomMot,0.0025269815828283144,2,3
34,SalVentAttn,Vis,-0.00048402280009530443,2,3
35,SomMot,Cont,5.283615170463904e-05,2,3
36,SomMot,Default,-0.00022129380679629788,2,3
37,SomMot,DorsAttn,0.0013754577508239385,2,3
38,SomMot,Limbic,-0.0010278469916231955,2,3
39,SomMot,SalVentAttn,0.0025269814775907787,2,3
40,SomMot,SomMot,0.018157494987157494,2,3
41,SomMot,Vis,0.0003525003315888114,2,3
42,Vis,Cont,-0.001017442569179781,2,3
43,Vis,Default,-0.0002601856617384381,2,3
44,Vis,DorsAttn,0.0009727402758212801,2,3
45,Vis,Limbic,-0.0005791391150942656,2,3
46,Vis,SalVentAttn,-0.00048402280404800723,2,3
47,Vis,SomMot,0.00035250028231960417,2,3
48,Vis,Vis,0.021486840201426945,2,3
0,Cont,Cont,0.022898664036595445,0,4
1,Cont,Default,0.0016954056327212117,0,4
2,Cont,DorsAttn,0.0027648375846989507,0,4
3,Cont,Limbic,-0.00017712269946240075,0,4
4,Cont,SalVentAttn,0.0025141739334063776,0,4
5,Cont,SomMot,0.0004809590352657762,0,4
6,Cont,Vis,-0.0014031208202625984,0,4
7,Default,Cont,0.0016954056704847314,0,4
8,Default,Default,0.016509714872291296,0,4
9,Default,DorsAttn,-0.0004816374884972052,0,4
10,Default,Limbic,0.0015502723089073531,0,4
11,Default,SalVentAttn,0.0005049952472046233,0,4
12,Default,SomMot,-0.0001647835591286674,0,4
13,Default,Vis,-0.00018829790020885142,0,4
14,DorsAttn,Cont,0.002764837430625092,0,4
15,DorsAttn,Default,-0.00048163750538656353,0,4
16,DorsAttn,DorsAttn,0.02336610960714718,0,4
17,DorsAttn,Limbic,-0.0007920274453076579,0,4
18,DorsAttn,SalVentAttn,0.002229001160322659,0,4
19,DorsAttn,SomMot,0.0027288607705543725,0,4
20,DorsAttn,Vis,0.0009738853917098819,0,4
21,Limbic,Cont,-0.00017712257245877143,0,4
22,Limbic,Default,0.0015502723667751178,0,4
23,Limbic,DorsAttn,-0.0007920275331723758,0,4
24,Limbic,Limbic,0.040153376957020696,0,4
25,Limbic,SalVentAttn,-0.0010835507841906367,0,4
26,Limbic,SomMot,-0.003579527437120482,0,4
27,Limbic,Vis,-0.0009718927170888159,0,4
28,SalVentAttn,Cont,0.0025141739654747546,0,4
29,SalVentAttn,Default,0.0005049953066321111,0,4
30,SalVentAttn,DorsAttn,0.002229001071769689,0,4
31,SalVentAttn,Limbic,-0.0010835508853249336,0,4
32,SalVentAttn,SalVentAttn,0.028758042588661405,0,4
33,SalVentAttn,SomMot,0.004726825467773812,0,4
34,SalVentAttn,Vis,-0.000672529075628727,0,4
35,SomMot,Cont,0.0004809589747901372,0,4
36,SomMot,Default,-0.00016478357966355148,0,4
37,SomMot,DorsAttn,0.0027288607018387187,0,4
38,SomMot,Limbic,-0.003579527218245912,0,4
39,SomMot,SalVentAttn,0.004726825407096931,0,4
40,SomMot,SomMot,0.026136007994619938,0,4
41,SomMot,Vis,0.0009342565982163456,0,4
42,Vis,Cont,-0.0014031209182843727,0,4
43,Vis,Default,-0.0001882978695602739,0,4
44,Vis,DorsAttn,0.000973885337309532,0,4
45,Vis,Limbic,-0.0009718928114231929,0,4
46,Vis,SalVentAttn,-0.0006725290421325835,0,4
47,Vis,SomMot,0.0009342565010847207,0,4
48,Vis,Vis,0.02702796773808224,0,4
0,Cont,Cont,0.019392820920044514,1,4
1,Cont,Default,0.0008342569563697668,1,4
2,Cont,DorsAttn,0.0012354476126515952,1,4
3,Cont,Limbic,-0.00023365186106138975,1,4
4,Cont,SalVentAttn,0.0013404603492456822,1,4
5,Cont,SomMot,0.0003616425492346643,1,4
6,Cont,Vis,-0.001031665255691281,1,4
7,Default,Cont,0.0008342569492281022,1,4
8,Default,Default,0.012913896982639594,1,4
9,Default,DorsAttn,-0.0004108603244706588,1,4
10,Default,Limbic,0.00045202306584361845,1,4
11,Default,SalVentAttn,7.663582626048305e-05,1,4
12,Default,SomMot,0.00011694637833933553,1,4
13,Default,Vis,-0.0004803023893616658,1,4
14,DorsAttn,Cont,0.0012354475536872232,1,4
15,DorsAttn,Default,-0.0004108603247668324,1,4
16,DorsAttn,DorsAttn,0.019132000736705464,1,4
17,DorsAttn,Limbic,-0.0015801575147301927,1,4
18,DorsAttn,SalVentAttn,0.0012483043334354873,1,4
19,DorsAttn,SomMot,0.001741977296132282,1,4
20,DorsAttn,Vis,0.00032210892974693806,1,4
21,Limbic,Cont,-0.0002336518592323345,1,4
22,Limbic,Default,0.0004520230692275359,1,4
23,Limbic,DorsAttn,-0.001580157588181757,1,4
24,Limbic,Limbic,0.040005604793266786,1,4
25,Limbic,SalVentAttn,-0.0005408361219828,1,4
26,Limbic,SomMot,-0.001847808725998107,1,4
27,Limbic,Vis,-0.0006025823664283198,1,4
28,SalVentAttn,Cont,0.0013404603396712314,1,4
29,SalVentAttn,Default,7.663587071287653e-05,1,4
30,SalVentAttn,DorsAttn,0.0012483042924910117,1,4
31,SalVentAttn,Limbic,-0.0005408362061562856,1,4
32,SalVentAttn,SalVentAttn,0.022540226716485857,1,4
33,SalVentAttn,SomMot,0.0028520981017967142,1,4
34,SalVentAttn,Vis,-0.00030588621327381355,1,4
35,SomMot,Cont,0.00036164249382121517,1,4
36,SomMot,Default,0.00011694634043769397,1,4
37,SomMot,DorsAttn,0.001741977241772324,1,4
38,SomMot,Limbic,-0.0018478085070865442,1,4
39,SomMot,SalVentAttn,0.002852098057750607,1,4
40,SomMot,SomMot,0.016696416999733545,1,4
41,SomMot,Vis,0.00012833735586987227,1,4
42,Vis,Cont,-0.0010316653045419279,1,4
43,Vis,Default,-0.00048030232917794635,1,4
44,Vis,DorsAttn,0.00032210896041284895,1,4
45,Vis,Limbic,-0.0006025824395145698,1,4
46,Vis,SalVentAttn,-0.0003058862222061937,1,4
47,Vis,SomMot,0.0001283372828952504,1,4
48,Vis,Vis,0.01898870882609301,1,4
0,Cont,Cont,0.019413251301733814,2,4
1,Cont,Default,0.001447155172384992,2,4
2,Cont,DorsAttn,0.0016180302862745114,2,4
3,Cont,Limbic,-0.00017022221043702892,2,4
4,Cont,SalVentAttn,0.0015145513405520465,2,4
5,Cont,SomMot,5.866101763982503e-05,2,4
6,Cont,Vis,-0.0010164965263141316,2,4
7,Default,Cont,0.0014471551668339537,2,4
8,Default,Default,0.012842035962912859,2,4
9,Default,DorsAttn,-5.010460686246044e-06,2,4
10,Default,Limbic,0.00041667995533897876,2,4
11,Default,SalVentAttn,0.00046093523036558543,2,4
12,Default,SomMot,-0.00021144287371685323,2,4
13,Default,Vis,-0.0002519882572702408,2,4
14,DorsAttn,Cont,0.001618030221927691,2,4
15,DorsAttn,Default,-5.010530923962128e-06,2,4
16,DorsAttn,DorsAttn,0.020482614258672656,2,4
17,DorsAttn,Limbic,-0.0007224857312918839,2,4
18,DorsAttn,SalVentAttn,0.0018401958619602501,2,4
19,DorsAttn,SomMot,0.00138924308027344,2,4
20,DorsAttn,Vis,0.0009756952666985869,2,4
21,Limbic,Cont,-0.00017022217669830224,2,4
22,Limbic,Default,0.00041668000880129043,2,4
23,Limbic,DorsAttn,-0.0007224856417409748,2,4
24,Limbic,Limbic,0.036262997059708674,2,4
25,Limbic,SalVentAttn,-0.0007370597715063723,2,4
26,Limbic,SomMot,-0.0010272807769310375,2,4
27,Limbic,Vis,-0.0005625832728068486,2,4
28,SalVentAttn,Cont,0.0015145513025590425,2,4
29,SalVentAttn,Default,0.00046093524916583986,2,4
30,SalVentAttn,DorsAttn,0.0018401957792016932,2,4
31,SalVentAttn,Limbic,-0.000737059788931769,2,4
32,SalVentAttn,SalVentAttn,0.02443419329147516,2,4
33,SalVentAttn,SomMot,0.002537727205342196,2,4
34,SalVentAttn,Vis,-0.0004809526987040049,2,4
35,SomMot,Cont,5.866100334729656e-05,2,4
36,SomMot,Default,-0.00021144283964517308,2,4
37,SomMot,DorsAttn,0.0013892429957062435,2,4
38,SomMot,Limbic,-0.0010272807075714053,2,4
39,SomMot,SalVentAttn,0.0025377271001464762,2,4
40,SomMot,SomMot,0.01820017271802107,2,4
41,SomMot,Vis,0.00036092968379870056,2,4
42,Vis,Cont,-0.0010164964955514963,2,4
43,Vis,Default,-0.0002519882300405188,2,4
44,Vis,DorsAttn,0.0009756953066600657,2,4
45,Vis,Limbic,-0.0005625833090047733,2,4
46,Vis,SalVentAttn,-0.0004809527026555684,2,4
47,Vis,SomMot,0.00036092963452003424,2,4
48,Vis,Vis,0.0215107355855816,2,4
0,Cont,Cont,0.02276323587602408,0,5
1,Cont,Default,0.0016835145391534746,0,5
2,Cont,DorsAttn,0.0027136805296361336,0,5
3,Cont,Limbic,-0.00013370492666507001,0,5
4,Cont,SalVentAttn,0.0024307930011573295,0,5
5,Cont,SomMot,0.0004185697117521919,0,5
6,Cont,Vis,-0.0013788773018050186,0,5
7,Default,Cont,0.0016835145772424254,0,5
8,Default,Default,0.01640497382268694,0,5
9,Default,DorsAttn,-0.0004824337625418892,0,5
10,Default,Limbic,0.0015668219924017358,0,5
11,Default,SalVentAttn,0.000488389058491201,0,5
12,Default,SomMot,-0.0001722646486519784,0,5
13,Default,Vis,-0.00021369587948515516,0,5
14,DorsAttn,Cont,0.0027136803776398777,0,5
15,DorsAttn,Default,-0.00048243378146481803,0,5
16,DorsAttn,DorsAttn,0.023195688584407872,0,5
17,DorsAttn,Limbic,-0.0007610276767024027,0,5
18,DorsAttn,SalVentAttn,0.0021658264275704665,0,5
19,DorsAttn,SomMot,0.0026484757155188425,0,5
20,DorsAttn,Vis,0.0010066949927201674,0,5
21,Limbic,Cont,-0.00013370479998258412,0,5
22,Limbic,Default,0.0015668220502459433,0,5
23,Limbic,DorsAttn,-0.0007610277666007275,0,5
24,Limbic,Limbic,0.039905920743498885,0,5
25,Limbic,SalVentAttn,-0.0010034654977011893,0,5
26,Limbic,SomMot,-0.003387001256925486,0,5
27,Limbic,Vis,-0.0010068968293684103,0,5
28,SalVentAttn,Cont,0.0024307930334147316,0,5
29,SalVentAttn,Default,0.0004883891165076054,0,5
30,SalVentAttn,DorsAttn,0.0021658263403984577,0,5
31,SalVentAttn,Limbic,-0.0010034655987819956,0,5
32,SalVentAttn,SalVentAttn,0.028560802704817295,0,5
33,SalVentAttn,SomMot,0.004638562238706256,0,5
34,SalVentAttn,Vis,-0.0006634149251816189,0,5
35,SomMot,Cont,0.0004185696536088124,0,5
36,SomMot,Default,-0.0001722646698089912,0,5
37,SomMot,DorsAttn,0.002648475647023603,0,5
38,SomMot,Limbic,-0.0033870010419900522,0,5
39,SomMot,SalVentAttn,0.004638562178508809,0,5
40,SomMot,SomMot,0.02587399406543613,0,5
41,SomMot,Vis,0.0009514012648847788,0,5
42,Vis,Cont,-0.0013788773992844232,0,5
43,Vis,Default,-0.00021369584921344473,0,5
44,Vis,DorsAttn,0.0010066949415608025,0,5
45,Vis,Limbic,-0.0010068969237322896,0,5
46,Vis,SalVentAttn,-0.0006634148911639878,0,5
47,Vis,SomMot,0.0009514011699534983,0,5
48,Vis,Vis,0.026966640794301538,0,5
0,Cont,Cont,0.019373291086575158,1,5
1,Cont,Default,0.0008293446308225741,1,5
2,Cont,DorsAttn,0.001241634752502125,1,5
3,Cont,Limbic,-0.00025025430378592436,1,5
4,Cont,SalVentAttn,0.0013473593692767928,1,5
5,Cont,SomMot,0.0003776888847996071,1,5
6,Cont,Vis,-0.0010103934504292376,1,5
7,Default,Cont,0.0008293446236310115,1,5
8,Default,Default,0.012900969688360395,1,5
9,Default,DorsAttn,-0.00039096602615219616,1,5
10,Default,Limbic,0.00043595050077009276,1,5
11,Default,SalVentAttn,6.94401379613425e-05,1,5
12,Default,SomMot,0.00012258108811200952,1,5
13,Default,Vis,-0.0004735403462132861,1,5
14,DorsAttn,Cont,0.0012416346933550352,1,5
15,DorsAttn,Default,-0.000390966026225052,1,5
16,DorsAttn,DorsAttn,0.019123281967907194,1,5
17,DorsAttn,Limbic,-0.0015894177469730803,1,5
18,DorsAttn,SalVentAttn,0.0012525115253109258,1,5
19,DorsAttn,SomMot,0.0017541915361458133,1,5
20,DorsAttn,Vis,0.0003217752323126604,1,5
21,Limbic,Cont,-0.00025025430211540934,1,5
22,Limbic,Default,0.0004359505049474017,1,5
23,Limbic,DorsAttn,-0.0015894178202077798,1,5
24,Limbic,Limbic,0.039977294607467004,1,5
25,Limbic,SalVentAttn,-0.0005658676708171674,1,5
26,Limbic,SomMot,-0.001887665469051037,1,5
27,Limbic,Vis,-0.0006035033945775849,1,5
28,SalVentAttn,Cont,0.0013473593594407645,1,5
29,SalVentAttn,Default,6.944018186352634e-05,1,5
30,SalVentAttn,DorsAttn,0.0012525114843934101,1,5
31,SalVentAttn,Limbic,-0.0005658677546743769,1,5
32,SalVentAttn,SalVentAttn,0.022534809985500812,1,5
33,SalVentAttn,SomMot,0.0028630333372809077,1,5
34,SalVentAttn,Vis,-0.0003002724873070042,1,5
35,SomMot,Cont,0.0003776888290794066,1,5
36,SomMot,Default,0.0001225810504512673,1,5
37,SomMot,DorsAttn,0.001754191481840929,1,5
38,SomMot,Limbic,-0.0018876652493715425,1,5
39,SomMot,SalVentAttn,0.002863033293459893,1,5
40,SomMot,SomMot,0.016688721665150664,1,5
41,SomMot,Vis,0.00012593963316458084,1,5
42,Vis,Cont,-0.001010393498815888,1,5
43,Vis,Default,-0.000473540285933974,1,5
44,Vis,DorsAttn,0.0003217752625217126,1,5
45,Vis,Limbic,-0.000603503467332209,1,5
46,Vis,SalVentAttn,-0.00030027249604604053,1,5
47,Vis,SomMot,0.00012593956051305577,1,5
48,Vis,Vis,0.018891925353469695,1,5
0,Cont,Cont,0.019403251836212863,2,5
1,Cont,Default,0.0014479456456023148,2,5
2,Cont,DorsAttn,0.001615480163770953,2,5
3,Cont,Limbic,-0.0001714904592644727,2,5
4,Cont,SalVentAttn,0.001508629815815175,2,5
5,Cont,SomMot,6.143124472240273e-05,2,5
6,Cont,Vis,-0.0010114645316148675,2,5
7,Default,Cont,0.0014479456396259232,2,5
8,Default,Default,0.012827416467177725,2,5
9,Default,DorsAttn,-1.0715878397453183e-05,2,5
10,Default,Limbic,0.0004145719466163799,2,5
11,Default,SalVentAttn,0.00045619606572517874,2,5
12,Default,SomMot,-0.00021753000813196977,2,5
13,Default,Vis,-0.00025312357917764303,2,5
14,DorsAttn,Cont,0.0016154800995463762,2,5
15,DorsAttn,Default,-1.0715948862288829e-05,2,5
16,DorsAttn,DorsAttn,0.02048804833385247,2,5
17,DorsAttn,Limbic,-0.0007286198839441382,2,5
18,DorsAttn,SalVentAttn,0.0018408796936810236,2,5
19,DorsAttn,SomMot,0.0013951672281300078,2,5
20,DorsAttn,Vis,0.0009672654030824828,2,5
21,Limbic,Cont,-0.0001714904252425595,2,5
22,Limbic,Default,0.000414572000287086,2,5
23,Limbic,DorsAttn,-0.0007286197944797714,2,5
24,Limbic,Limbic,0.03630078377149362,2,5
25,Limbic,SalVentAttn,-0.0007483039779659021,2,5
26,Limbic,SomMot,-0.0010385144902790634,2,5
27,Limbic,Vis,-0.0005616684086840573,2,5
28,SalVentAttn,Cont,0.001508629778483414,2,5
29,SalVentAttn,Default,0.00045619608461169696,2,5
30,SalVentAttn,DorsAttn,0.0018408796108603995,2,5
31,SalVentAttn,Limbic,-0.0007483039957129291,2,5
32,SalVentAttn,SalVentAttn,0.02443444769136344,2,5
33,SalVentAttn,SomMot,0.0025257700305938327,2,5
34,SalVentAttn,Vis,-0.0004875420860883411,2,5
35,SomMot,Cont,6.143123034372847e-05,2,5
36,SomMot,Default,-0.00021752997412973114,2,5
37,SomMot,DorsAttn,0.0013951671440377636,2,5
38,SomMot,Limbic,-0.001038514420143854,2,5
39,SomMot,SalVentAttn,0.0025257699254390836,2,5
40,SomMot,SomMot,0.018187584858640117,2,5
41,SomMot,Vis,0.00034927630365491955,2,5
42,Vis,Cont,-0.001011464500476152,2,5
43,Vis,Default,-0.00025312355184552285,2,5
44,Vis,DorsAttn,0.0009672654433049568,2,5
45,Vis,Limbic,-0.0005616684449006052,2,5
46,Vis,SalVentAttn,-0.00048754209038635285,2,5
47,Vis,SomMot,0.00034927625478042005,2,5
48,Vis,Vis,0.021474586839804043,2,5
0,Cont,Cont,0.022800804731779423,0,6
1,Cont,Default,0.0017153742999843995,0,6
2,Cont,DorsAttn,0.0027570521251720987,0,6
3,Cont,Limbic,-0.00015536158285309981,0,6
4,Cont,SalVentAttn,0.002474211590260421,0,6
5,Cont,SomMot,0.0004509982347788753,0,6
6,Cont,Vis,-0.001391706943648249,0,6
7,Default,Cont,0.0017153743374542173,0,6
8,Default,Default,0.01641693910365641,0,6
9,Default,DorsAttn,-0.0004660998837540198,0,6
10,Default,Limbic,0.0015607713754480746,0,6
11,Default,SalVentAttn,0.00051013905328043,0,6
12,Default,SomMot,-0.00016171292797691897,0,6
13,Default,Vis,-0.00018945982295679302,0,6
14,DorsAttn,Cont,0.0027570519722205106,0,6
15,DorsAttn,Default,-0.00046609990135135476,0,6
16,DorsAttn,DorsAttn,0.023240645687567327,0,6
17,DorsAttn,Limbic,-0.0007742972449080492,0,6
18,DorsAttn,SalVentAttn,0.002191045541471754,0,6
19,DorsAttn,SomMot,0.002685521592777926,0,6
20,DorsAttn,Vis,0.0009677236295662592,0,6
21,Limbic,Cont,-0.0001553614570583364,0,6
22,Limbic,Default,0.0015607714337269355,0,6
23,Limbic,DorsAttn,-0.0007742973332645805,0,6
24,Limbic,Limbic,0.03989291611866781,0,6
25,Limbic,SalVentAttn,-0.0010166024159555653,0,6
26,Limbic,SomMot,-0.0034234121076996637,0,6
27,Limbic,Vis,-0.0009404648648721041,0,6
28,SalVentAttn,Cont,0.0024742116225537985,0,6
29,SalVentAttn,Default,0.0005101391125140362,0,6
30,SalVentAttn,DorsAttn,0.002191045452371433,0,6
31,SalVentAttn,Limbic,-0.001016602516886232,0,6
32,SalVentAttn,SalVentAttn,0.02853358500311837,0,6
33,SalVentAttn,SomMot,0.0046304362403979706,0,6
34,SalVentAttn,Vis,-0.0006631061890649628,0,6
35,SomMot,Cont,0.0004509981758271962,0,6
36,SomMot,Default,-0.00016171294881057747,0,6
37,SomMot,DorsAttn,0.0026855215241346282,0,6
38,SomMot,Limbic,-0.0034234118925702147,0,6
39,SomMot,SalVentAttn,0.00463043618184218,0,6
40,SomMot,SomMot,0.025887380729109857,0,6
41,SomMot,Vis,0.000901524424600213,0,6
42,Vis,Cont,-0.0013917070397795586,0,6
43,Vis,Default,-0.00018945979330799994,0,6
44,Vis,DorsAttn,0.0009677235765320527,0,6
45,Vis,Limbic,-0.0009404649589234368,0,6
46,Vis,SalVentAttn,-0.0006631061554176606,0,6
47,Vis,SomMot,0.0009015243289963934,0,6
48,Vis,Vis,0.026927377093030756,0,6
0,Cont,Cont,0.01939006599276885,1,6
1,Cont,Default,0.0008286726094540517,1,6
2,Cont,DorsAttn,0.0012422772574467525,1,6
3,Cont,Limbic,-0.000251174356784259,1,6
4,Cont,SalVentAttn,0.0013473074481704021,1,6
5,Cont,SomMot,0.00037493951725517936,1,6
6,Cont,Vis,-0.0010043961847184485,1,6
7,Default,Cont,0.0008286726022599279,1,6
8,Default,Default,0.012917447576704913,1,6
9,Default,DorsAttn,-0.00040228649357525994,1,6
10,Default,Limbic,0.0004287478593929584,1,6
11,Default,SalVentAttn,6.227954240221065e-05,1,6
12,Default,SomMot,0.00011970921753461558,1,6
13,Default,Vis,-0.00047192277584007155,1,6
14,DorsAttn,Cont,0.0012422771983940438,1,6
15,DorsAttn,Default,-0.0004022864938561773,1,6
16,DorsAttn,DorsAttn,0.019135307598238456,1,6
17,DorsAttn,Limbic,-0.0015845893036299573,1,6
18,DorsAttn,SalVentAttn,0.0012614143382051089,1,6
19,DorsAttn,SomMot,0.0017649976335833647,1,6
20,DorsAttn,Vis,0.00031944050494277514,1,6
21,Limbic,Cont,-0.0002511743552576488,1,6
22,Limbic,Default,0.00042874786193900763,1,6
23,Limbic,DorsAttn,-0.0015845893769171596,1,6
24,Limbic,Limbic,0.040012800777304985,1,6
25,Limbic,SalVentAttn,-0.0005745362611851875,1,6
26,Limbic,SomMot,-0.0018776674089232145,1,6
27,Limbic,Vis,-0.0005896015333435925,1,6
28,SalVentAttn,Cont,0.0013473074386350003,1,6
29,SalVentAttn,Default,6.227958562423821e-05,1,6
30,SalVentAttn,DorsAttn,0.0012614142977830224,1,6
31,SalVentAttn,Limbic,-0.0005745363459679555,1,6
32,SalVentAttn,SalVentAttn,0.022545113522154003,1,6
33,SalVentAttn,SomMot,0.0028809050076870186,1,6
34,SalVentAttn,Vis,-0.0003041563846174352,1,6
35,SomMot,Cont,0.00037493946108949587,1,6
36,SomMot,Default,0.00011970917930702907,1,6
37,SomMot,DorsAttn,0.0017649975787252922,1,6
38,SomMot,Limbic,-0.0018776671882300112,1,6
39,SomMot,SalVentAttn,0.002880904962570389,1,6
40,SomMot,SomMot,0.01673750555341272,1,6
41,SomMot,Vis,0.00012126430112993389,1,6
42,Vis,Cont,-0.0010043962342037927,1,6
43,Vis,Default,-0.0004719227157204814,1,6
44,Vis,DorsAttn,0.00031944053546797355,1,6
45,Vis,Limbic,-0.0005896016063958918,1,6
46,Vis,SalVentAttn,-0.0003041563933127056,1,6
47,Vis,SomMot,0.00012126422862665255,1,6
48,Vis,Vis,0.018954475380497385,1,6
0,Cont,Cont,0.019423528676025176,2,6
1,Cont,Default,0.0014456497123963674,2,6
2,Cont,DorsAttn,0.0016052072326180982,2,6
3,Cont,Limbic,-0.00016128073307265193,2,6
4,Cont,SalVentAttn,0.0015130775542331867,2,6
5,Cont,SomMot,5.063097578227321e-05,2,6
6,Cont,Vis,-0.0010264863473913469,2,6
7,Default,Cont,0.0014456497064198476,2,6
8,Default,Default,0.012852787754666363,2,6
9,Default,DorsAttn,-1.7704830896273184e-05,2,6
10,Default,Limbic,0.00042837478127326193,2,6
11,Default,SalVentAttn,0.0004539056291264041,2,6
12,Default,SomMot,-0.00022109553061343672,2,6
13,Default,Vis,-0.0002571661190431187,2,6
14,DorsAttn,Cont,0.0016052071686494332,2,6
15,DorsAttn,Default,-1.7704901163944684e-05,2,6
16,DorsAttn,DorsAttn,0.02048384521890927,2,6
17,DorsAttn,Limbic,-0.0007210490601740036,2,6
18,DorsAttn,SalVentAttn,0.001831763007283932,2,6
19,DorsAttn,SomMot,0.0013863262263431465,2,6
20,DorsAttn,Vis,0.0009859218876890363,2,6
21,Limbic,Cont,-0.00016128069898997224,2,6
22,Limbic,Default,0.00042837483555246796,2,6
23,Limbic,DorsAttn,-0.0007210489708237346,2,6
24,Limbic,Limbic,0.03628198165751322,2,6
25,Limbic,SalVentAttn,-0.0007282713867902355,2,6
26,Limbic,SomMot,-0.0010271226723776446,2,6
27,Limbic,Vis,-0.0005929965422395352,2,6
28,SalVentAttn,Cont,0.0015130775162324123,2,6
29,SalVentAttn,Default,0.00045390564756169583,2,6
30,SalVentAttn,DorsAttn,0.0018317629251366019,2,6
31,SalVentAttn,Limbic,-0.0007282714042107631,2,6
32,SalVentAttn,SalVentAttn,0.02446714990510412,2,6
33,SalVentAttn,SomMot,0.002548794259586183,2,6
34,SalVentAttn,Vis,-0.0004806170289803449,2,6
35,SomMot,Cont,5.0630961444129824e-05,2,6
36,SomMot,Default,-0.0002210954965037154,2,6
37,SomMot,DorsAttn,0.0013863261421514276,2,6
38,SomMot,Limbic,-0.0010271226029364739,2,6
39,SomMot,SalVentAttn,0.002548794153935994,2,6
40,SomMot,SomMot,0.018225641004677103,2,6
41,SomMot,Vis,0.00039018860507695824,2,6
42,Vis,Cont,-0.0010264863168702241,2,6
43,Vis,Default,-0.00025716609147480627,2,6
44,Vis,DorsAttn,0.000985921927990712,2,6
45,Vis,Limbic,-0.0005929965785630931,2,6
46,Vis,SalVentAttn,-0.00048061703322096176,2,6
47,Vis,SomMot,0.0003901885556718287,2,6
48,Vis,Vis,0.021546227635312085,2,6
0,Cont,Cont,0.02324347829639653,0,7
1,Cont,Default,0.0017392431688413883,0,7
2,Cont,DorsAttn,0.0028745275464636152,0,7
3,Cont,Limbic,-0.00025814279244306624,0,7
4,Cont,SalVentAttn,0.002599733646224218,0,7
5,Cont,SomMot,0.0005076154315178887,0,7
6,Cont,Vis,-0.0014564539423868909,0,7
7,Default,Cont,0.0017392432059587038,0,7
8,Default,Default,0.016677682657834893,0,7
9,Default,DorsAttn,-0.0004996361914784275,0,7
10,Default,Limbic,0.0015287683261919044,0,7
11,Default,SalVentAttn,0.0005549683805788879,0,7
12,Default,SomMot,-0.00015572159853326692,0,7
13,Default,Vis,-0.00019308996148458498,0,7
14,DorsAttn,Cont,0.002874527388041647,0,7
15,DorsAttn,Default,-0.0004996362065715854,0,7
16,DorsAttn,DorsAttn,0.023720028163103545,0,7
17,DorsAttn,Limbic,-0.000857744763163775,0,7
18,DorsAttn,SalVentAttn,0.0023005160888281847,0,7
19,DorsAttn,SomMot,0.002828401771010532,0,7
20,DorsAttn,Vis,0.0009272559911447482,0,7
21,Limbic,Cont,-0.00025814266436578596,0,7
22,Limbic,Default,0.0015287683856047402,0,7
23,Limbic,DorsAttn,-0.0008577448493610865,0,7
24,Limbic,Limbic,0.0406055797227248,0,7
25,Limbic,SalVentAttn,-0.0011447739235331566,0,7
26,Limbic,SomMot,-0.003837523861342128,0,7
27,Limbic,Vis,-0.0009800350118837433,0,7
28,SalVentAttn,Cont,0.002599733679361205,0,7
29,SalVentAttn,Default,0.0005549684417067136,0,7
30,SalVentAttn,DorsAttn,0.0023005159990107413,0,7
31,SalVentAttn,Limbic,-0.0011447740272125715,0,7
32,SalVentAttn,SalVentAttn,0.02907529582682798,0,7
33,SalVentAttn,SomMot,0.004865568309296614,0,7
34,SalVentAttn,Vis,-0.0007003160369737955,0,7
35,SomMot,Cont,0.0005076153676689699,0,7
36,SomMot,Default,-0.00015572161859357927,0,7
37,SomMot,DorsAttn,0.002828401699226967,0,7
38,SomMot,Limbic,-0.003837523640675223,0,7
39,SomMot,SalVentAttn,0.004865568246892155,0,7
40,SomMot,SomMot,0.026711000362691403,0,7
41,SomMot,Vis,0.0008777673014389017,0,7
42,Vis,Cont,-0.0014564540391284544,0,7
43,Vis,Default,-0.00019308993189842772,0,7
44,Vis,DorsAttn,0.0009272559370253151,0,7
45,Vis,Limbic,-0.0009800351056724495,0,7
46,Vis,SalVentAttn,-0.0007003160030785724,0,7
47,Vis,SomMot,0.0008777672017228559,0,7
48,Vis,Vis,0.027331147009430696,0,7
0,Cont,Cont,0.019332294555575093,1,7
1,Cont,Default,0.0008202009080289137,1,7
2,Cont,DorsAttn,0.0012284543404410416,1,7
3,Cont,Limbic,-0.00024157872102090945,1,7
4,Cont,SalVentAttn,0.0013247059441457718,1,7
5,Cont,SomMot,0.0003663797227782269,1,7
6,Cont,Vis,-0.001017897766870528,1,7
7,Default,Cont,0.0008202009007411695,1,7
8,Default,Default,0.01287487026039757,1,7
9,Default,DorsAttn,-0.00040473137176651875,1,7
10,Default,Limbic,0.00044179994382148683,1,7
11,Default,SalVentAttn,6.107274471728903e-05,1,7
12,Default,SomMot,0.00011861422504300707,1,7
13,Default,Vis,-0.00047826007240218385,1,7
14,DorsAttn,Cont,0.001228454282268077,1,7
15,DorsAttn,Default,-0.00040473137256557136,1,7
16,DorsAttn,DorsAttn,0.019084163187481577,1,7
17,DorsAttn,Limbic,-0.0015779643039947517,1,7
18,DorsAttn,SalVentAttn,0.0012392679051594273,1,7
19,DorsAttn,SomMot,0.001730949149474634,1,7
20,DorsAttn,Vis,0.00031665118500276223,1,7
21,Limbic,Cont,-0.00024157871948072315,1,7
22,Limbic,Default,0.00044179994682447195,1,7
23,Limbic,DorsAttn,-0.0015779643780595958,1,7
24,Limbic,Limbic,0.0399266593205943,1,7
25,Limbic,SalVentAttn,-0.0005521956392516042,1,7
26,Limbic,SomMot,-0.0018495400008915772,1,7
27,Limbic,Vis,-0.0006140882635372794,1,7
28,SalVentAttn,Cont,0.0013247059343649687,1,7
29,SalVentAttn,Default,6.107278831167314e-05,1,7
30,SalVentAttn,DorsAttn,0.0012392678639145981,1,7
31,SalVentAttn,Limbic,-0.0005521957235782914,1,7
32,SalVentAttn,SalVentAttn,0.02249625183355774,1,7
33,SalVentAttn,SomMot,0.0028502528581773046,1,7
34,SalVentAttn,Vis,-0.00030839234086470533,1,7
35,SomMot,Cont,0.0003663796680128248,1,7
36,SomMot,Default,0.00011861418706136564,1,7
37,SomMot,DorsAttn,0.0017309490951922602,1,7
38,SomMot,Limbic,-0.001849539781923221,1,7
39,SomMot,SalVentAttn,0.002850252814373565,1,7
40,SomMot,SomMot,0.016673992205076173,1,7
41,SomMot,Vis,0.00012069667537686751,1,7
42,Vis,Cont,-0.0010178978154777648,1,7
43,Vis,Default,-0.00047826001202352876,1,7
44,Vis,DorsAttn,0.00031665121605543373,1,7
45,Vis,Limbic,-0.0006140883363312063,1,7
46,Vis,SalVentAttn,-0.00030839235005545977,1,7
47,Vis,SomMot,0.00012069660282271296,1,7
48,Vis,Vis,0.018958175805572155,1,7
0,Cont,Cont,0.019354941265682962,2,7
1,Cont,Default,0.0014355791997991366,2,7
2,Cont,DorsAttn,0.0015980871352513056,2,7
3,Cont,Limbic,-0.00016541916575748392,2,7
4,Cont,SalVentAttn,0.0014984709201779373,2,7
5,Cont,SomMot,5.185851366237054e-05,2,7
6,Cont,Vis,-0.0010119880426436073,2,7
7,Default,Cont,0.0014355791942466264,2,7
8,Default,Default,0.012804110683259224,2,7
9,Default,DorsAttn,-1.5364266506748857e-05,2,7
10,Default,Limbic,0.00042091416599644786,2,7
11,Default,SalVentAttn,0.000445967883956267,2,7
12,Default,SomMot,-0.00021594071677519738,2,7
13,Default,Vis,-0.0002567637479164907,2,7
14,DorsAttn,Cont,0.0015980870716187112,2,7
15,DorsAttn,Default,-1.5364336623154658e-05,2,7
16,DorsAttn,DorsAttn,0.020398332458427176,2,7
17,DorsAttn,Limbic,-0.0007061941710661503,2,7
18,DorsAttn,SalVentAttn,0.0018176206778448586,2,7
19,DorsAttn,SomMot,0.0013712065808083285,2,7
20,DorsAttn,Vis,0.0009772377662392111,2,7
21,Limbic,Cont,-0.00016541913152056179,2,7
22,Limbic,Default,0.00042091422005322314,2,7
23,Limbic,DorsAttn,-0.000706194082455183,2,7
24,Limbic,Limbic,0.03619582996949258,2,7
25,Limbic,SalVentAttn,-0.0007246789135300208,2,7
26,Limbic,SomMot,-0.001009857783726817,2,7
27,Limbic,Vis,-0.000575527005318663,2,7
28,SalVentAttn,Cont,0.0014984708833597343,2,7
29,SalVentAttn,Default,0.0004459679026148768,2,7
30,SalVentAttn,DorsAttn,0.0018176205954042787,2,7
31,SalVentAttn,Limbic,-0.0007246789308319858,2,7
32,SalVentAttn,SalVentAttn,0.024370988552133557,2,7
33,SalVentAttn,SomMot,0.0025174825565523135,2,7
34,SalVentAttn,Vis,-0.00047974898108797556,2,7
35,SomMot,Cont,5.185849978012103e-05,2,7
36,SomMot,Default,-0.00021594068296803935,2,7
37,SomMot,DorsAttn,0.0013712064972941187,2,7
38,SomMot,Limbic,-0.0010098577148165025,2,7
39,SomMot,SalVentAttn,0.002517482452122176,2,7
40,SomMot,SomMot,0.018105937515111085,2,7
41,SomMot,Vis,0.00036805989394575293,2,7
42,Vis,Cont,-0.0010119880124133825,2,7
43,Vis,Default,-0.00025676372096654555,2,7
44,Vis,DorsAttn,0.0009772378064660846,2,7
45,Vis,Limbic,-0.0005755270418349263,2,7
46,Vis,SalVentAttn,-0.00047974898534314107,2,7
47,Vis,SomMot,0.0003680598446780108,2,7
48,Vis,Vis,0.021463961676961435,2,7
